[
  {
    "asin": "B01N1G57FZ",
    "url": "http://www.amazon.de/dp/B01N1G57FZ",
    "title": "Apple iPhone SE 64 GB Smartphone - Silver (Refurbished)",
    "image": "https://images-na.ssl-images-amazon.com/images/I/41qzwk%2BzEML._AC_SY355_.jpg",
    "seller": "Visit the Amazon Renewed Store",
    "price": 182.52
  },
  {
    "asin": "B01K24UAF8",
    "url": "http://www.amazon.de/dp/B01K24UAF8",
    "title": "Apple iPhone SE 64GB (Refurbished)",
    "image": "https://images-na.ssl-images-amazon.com/images/I/41VG3sBZr%2BL._AC_SY450_.jpg",
    "seller": "Brand: Amazon Renewed",
    "price": 209.0
  },
  {
    "asin": "B087KJ2NTX",
    "url": "http://www.amazon.de/dp/B087KJ2NTX",
    "title": "Tech21 Pure Clear Protective Case for Apple iPhone 7/8 and SE (2020)",
    "image": "https://images-na.ssl-images-amazon.com/images/I/71MUuWxp2FL._AC_SX425_.jpg",
    "seller": "Brand: Tech 21",
    "price": 39.99
  },
  {
    "asin": "B00Z7SZI5C",
    "url": "http://www.amazon.de/dp/B00Z7SZI5C",
    "title": "LifeProof Fr\u00e9 Protective Case Waterproof, Black",
    "image": "https://images-na.ssl-images-amazon.com/images/I/61kP-yWpcDL._AC_SX450_.jpg",
    "seller": "Visit the LifeProof Store",
    "price": 79.99
  },
  {
    "asin": "B00Z7SZPI2",
    "url": "http://www.amazon.de/dp/B00Z7SZPI2",
    "title": "LifeProof Fr\u00e9 Protective Case Waterproof, grey",
    "image": "https://images-na.ssl-images-amazon.com/images/I/51drc1xodDL._AC_SY355_.jpg",
    "seller": "Visit the LifeProof Store",
    "price": 58.41
  },
  {
    "asin": "B01LYRASVJ",
    "url": "http://www.amazon.de/dp/B01LYRASVJ",
    "title": "Woodcessories - Case Compatible with iPhone 7/8 Made of FSC Wood - EcoSlim Case, walnut",
    "image": "https://images-na.ssl-images-amazon.com/images/I/613qDKi6q-L._AC_SY450_.jpg",
    "seller": "Visit the Woodcessories Store",
    "price": 39.9
  },
  {
    "asin": "B074FX63H6",
    "url": "http://www.amazon.de/dp/B074FX63H6",
    "title": "Pioneer SE-LTC5R-S Smart Lighting Headphones with Hands-Free Calling and Charging Function, Noise Cancelling and Low Power Consumption, Auto Pause, Smart Button Silver",
    "image": "https://images-na.ssl-images-amazon.com/images/I/51ye8L3tY9L._AC_SY450_.jpg",
    "seller": "Visit the Pioneer Store",
    "price": 46.3
  },
  {
    "asin": "B08FRFR1QM",
    "url": "http://www.amazon.de/dp/B08FRFR1QM",
    "title": "HAFURY GT20 Smartphone",
    "image": "https://images-na.ssl-images-amazon.com/images/I/71MPrM-RaSL._AC_SY450_.jpg",
    "seller": "Brand: HAFURY",
    "price": 199.99
  },
  {
    "asin": "B087YNCSDT",
    "url": "http://www.amazon.de/dp/B087YNCSDT",
    "title": "i-Repair\u00ae Display 4.7 Inch Replacement for iPhone SE (2020) / Screen Glass Touchscreen Complete Set with Tools Including Adhesive Frame, Black",
    "image": "https://images-na.ssl-images-amazon.com/images/I/41zl4BqqihL._AC_SY450_.jpg",
    "seller": "Brand: i-Repair",
    "price": 71.9
  },
  {
    "asin": "B0875VYQJK",
    "url": "http://www.amazon.de/dp/B0875VYQJK",
    "title": "Apple Leather Case for iPhone SE - Midnight Blue",
    "image": "https://images-na.ssl-images-amazon.com/images/I/51XMOJBRq5L._AC_SX466_.jpg",
    "seller": "Visit the Apple Store",
    "price": 47.05
  },
  {
    "asin": "B085RP6FVD",
    "url": "http://www.amazon.de/dp/B085RP6FVD",
    "title": "Urban Armor Gear Case",
    "image": "https://images-na.ssl-images-amazon.com/images/I/81Uj90AKCRL._AC_SX679_.jpg",
    "seller": "Visit the Urban Armor Gear Store",
    "price": 53.6
  },
  {
    "asin": "B0889Q5Q7P",
    "url": "http://www.amazon.de/dp/B0889Q5Q7P",
    "title": "OtterBox Strada Case - Elegant Drop Proof Genuine Leather Folio Case for iPhone 7/8/SE 2020, Black V2",
    "image": "https://images-na.ssl-images-amazon.com/images/I/81e4EsfUgrL._AC_SX425_.jpg",
    "seller": "Visit the OtterBox Store",
    "price": 49.99
  },
  {
    "asin": "B0752K4CRB",
    "url": "http://www.amazon.de/dp/B0752K4CRB",
    "title": "Woodcessories - Case compatible with iPhone SE (2020) / 8/7 made of wood - EcoBump Case (walnut)",
    "image": "https://images-na.ssl-images-amazon.com/images/I/61OCwqily5L._AC_SY450_.jpg",
    "seller": "Visit the Woodcessories Store",
    "price": 34.9
  }
]
